bodyId,type,role,in_degree,out_degree
10442,DNa01,DN,0,57
10760,DNa01,DN,0,43
10360,DNa02,DN,0,51
523769,DNa02,DN,0,60
800561,IN08A006,VNC_IN,2,10
801437,IN08A006,VNC_IN,2,11
801052,IN07B104,VNC_IN,2,8
800999,IN07B104,VNC_IN,2,6
800827,IN12B003,VNC_IN,1,6
11158,DNge026,VNC_IN,1,13
800511,IN08A006,VNC_IN,1,6
800687,IN19A003,VNC_IN,2,11
524150,PS137,VNC_IN,1,0
905009,IN08A006,VNC_IN,1,3
800461,IN19A003,VNC_IN,2,13
801946,Sternal anterior rotator MN,VNC_IN,17,0
801252,IN07B009,VNC_IN,2,8
905415,IN07B006,VNC_IN,1,39
902501,IN12B003,VNC_IN,1,7
800856,IN08A006,VNC_IN,1,7
801027,IN19A003,VNC_IN,2,8
800149,IN07B006,VNC_IN,1,30
801371,INXXX471,VNC_IN,2,25
10101,PS100,VNC_IN,1,1
803843,INXXX140,VNC_IN,1,2
903689,Sternal anterior rotator MN,VNC_IN,16,1
801548,Sternal anterior rotator MN,VNC_IN,11,1
11424,DNge026,VNC_IN,1,16
801666,IN21A007,VNC_IN,1,6
800423,IN13B001,VNC_IN,1,10
906235,Sternal anterior rotator MN,VNC_IN,9,2
800406,IN13B001,VNC_IN,1,3
13165,PS137,VNC_IN,1,0
801752,IN03B019,VNC_IN,1,16
934591,IN07B009,VNC_IN,2,13
800622,IN19A003,VNC_IN,1,12
800356,IN13B001,VNC_IN,1,11
519896,DNa06,VNC_IN,1,17
531928,PS137,VNC_IN,1,0
800213,IN12B003,VNC_IN,1,3
903602,IN19A003,VNC_IN,2,10
801598,IN03B019,VNC_IN,1,9
13324,PS060,VNC_IN,1,0
800832,IN21A003,VNC_IN,1,13
940009,w-cHIN,VNC_IN,1,1
12292,PS274,VNC_IN,1,0
520117,GNG562,VNC_IN,2,0
801469,Sternal anterior rotator MN,VNC_IN,6,1
13404,PS060,VNC_IN,1,0
800716,IN09A002,VNC_IN,1,28
800722,IN08A006,VNC_IN,1,7
524412,DNa06,VNC_IN,1,13
521305,PS274,VNC_IN,1,0
800211,INXXX464,VNC_IN,1,25
10627,CvN5,VNC_IN,1,0
801510,IN21A007,VNC_IN,1,8
801580,IN21A011,VNC_IN,2,4
800553,Pleural remotor/abductor MN,VNC_IN,15,6
555991,AN03A002,VNC_IN,2,13
803083,IN12A039,VNC_IN,1,34
800259,IN19A005,VNC_IN,2,15
800072,INXXX464,VNC_IN,1,24
800306,IN13B001,VNC_IN,1,6
800613,IN21A001,VNC_IN,1,11
800434,IN09A002,VNC_IN,1,23
800677,IN21A003,VNC_IN,1,23
905424,IN01A035,VNC_IN,1,3
802046,IN13B006,VNC_IN,1,14
802308,IN14B007,VNC_IN,2,16
801860,INXXX471,VNC_IN,2,23
800544,IN01A034,VNC_IN,1,17
800698,IN13B001,VNC_IN,1,3
802134,IN14B003,VNC_IN,1,28
800896,IN09A002,VNC_IN,1,30
905560,IN21A013,VNC_IN,1,4
800846,IN12A003,VNC_IN,2,35
13123,LAL111,VNC_IN,1,0
928813,IN03A047,VNC_IN,2,11
800675,IN21A003,VNC_IN,1,27
805873,IN03A066,VNC_IN,2,7
19124,AN03A002,VNC_IN,2,13
13463,LAL111,VNC_IN,1,0
10203,PS100,VNC_IN,2,0
801085,IN12B003,VNC_IN,1,4
802092,IN14B007,VNC_IN,1,21
10543,DNa16,VNC_IN,1,7
13295,DNge033,VNC_IN,1,10
912122,IN13B006,VNC_IN,1,14
800833,IN09A004,VNC_IN,1,15
801611,IN21A011,VNC_IN,2,4
800596,IN19A003,VNC_IN,1,18
929612,INXXX464,VNC_IN,2,12
800992,IN21A011,VNC_IN,1,14
801918,Sternal anterior rotator MN,VNC_IN,7,1
801050,IN13B006,VNC_IN,1,10
802383,IN20A.22A003,VNC_IN,1,9
800296,IN09A002,VNC_IN,2,29
800557,IN03A006,VNC_IN,1,13
800497,IN19A005,VNC_IN,1,14
804851,Sternal posterior rotator MN,VNC_IN,7,0
801673,INXXX048,VNC_IN,1,11
803502,IN01A028,VNC_IN,2,12
800668,IN13B001,VNC_IN,1,5
12787,DNge033,VNC_IN,1,8
12086,GNG562,VNC_IN,2,1
800215,IN01A034,VNC_IN,1,19
803228,IN20A.22A003,VNC_IN,2,7
802099,INXXX468,VNC_IN,1,2
902257,IN12A037,VNC_IN,1,5
802453,IN03B015,VNC_IN,2,1
13128,GNG653,VNC_IN,1,0
924901,IN06A002,VNC_IN,1,15
802663,IN14B006,VNC_IN,1,11
800578,Fe reductor MN,VNC_IN,13,2
800175,Pleural remotor/abductor MN,VNC_IN,16,1
804773,IN04B081,VNC_IN,2,8
801616,IN03B015,VNC_IN,2,2
519460,DNa16,VNC_IN,1,9
802324,IN13B006,VNC_IN,1,12
16938,PS019,VNC_IN,1,0
800780,IN14B002,VNC_IN,2,6
903079,IN01A018,VNC_IN,1,5
905010,IN03A047,VNC_IN,1,9
13837,PS137,VNC_IN,1,0
910562,IN12A041,VNC_IN,1,0
906758,w-cHIN,VNC_IN,1,1
902880,IN03B019,VNC_IN,2,14
800430,IN19A005,VNC_IN,1,9
910291,IN12A037,VNC_IN,2,16
919509,Sternal anterior rotator MN,VNC_IN,6,0
804872,IN01A038,VNC_IN,1,18
801765,IN21A011,VNC_IN,1,7
801097,IN21A003,VNC_IN,1,26
803422,IN01A035,VNC_IN,1,2
14429,PS019,VNC_IN,1,0
801235,IN01A015,VNC_IN,1,16
800167,IN21A001,VNC_IN,1,17
801550,IN01A028,VNC_IN,3,10
800880,IN14B004,VNC_IN,4,7
800631,IN12A003,VNC_IN,2,37
802886,IN06B022,VNC_IN,2,2
806715,IN03A066,VNC_IN,2,6
802442,IN06B022,VNC_IN,2,1
802376,IN14B002,VNC_IN,2,5
809108,IN04B081,VNC_IN,2,7
923171,INXXX140,VNC_IN,2,1
802317,IN14B004,VNC_IN,4,1
800539,IN03B019,VNC_IN,2,6
903075,IN04B081,VNC_IN,2,7
10885,DNg88,VNC_IN,2,20
801930,IN19A016,VNC_IN,2,18
10544,DNg88,VNC_IN,2,26
801335,MNhl59,VNC_IN,19,2
810059,IN04B081,VNC_IN,2,6
804107,iii3 MN,MN,3,0
801736,MNhl62,MN,7,0
801768,Sternal posterior rotator MN,MN,11,0
830514,Ti extensor MN,MN,2,0
801761,Sternal posterior rotator MN,MN,11,0
801058,Tr flexor MN,MN,8,0
800911,Ti extensor MN,MN,3,0
903090,MNhl62,MN,8,0
801678,ADNM1 MN,MN,5,0
801234,Ti extensor MN,MN,3,0
802521,Sternal posterior rotator MN,MN,10,0
801715,Sternal posterior rotator MN,MN,9,0
801492,Sternal posterior rotator MN,MN,10,0
802964,Sternal posterior rotator MN,MN,12,0
903152,ADNM1 MN,MN,5,0
907256,Sternal posterior rotator MN,MN,6,0
802215,Sternal anterior rotator MN,MN,13,0
800316,Sternal anterior rotator MN,MN,12,0
903642,Sternal posterior rotator MN,MN,7,0
801813,Sternal anterior rotator MN,MN,9,0
802509,Pleural remotor/abductor MN,MN,6,0
801057,Tr flexor MN,MN,8,0
903643,Sternal posterior rotator MN,MN,8,0
800962,Sternal posterior rotator MN,MN,7,0
803704,Sternal posterior rotator MN,MN,8,0
803226,Sternal posterior rotator MN,MN,9,0
800621,Ti extensor MN,MN,2,0
905210,MNnm11,MN,6,0
832490,Sternal anterior rotator MN,MN,5,0
803314,Pleural remotor/abductor MN,MN,5,0
803829,Tr flexor MN,MN,14,0
803378,MNnm11,MN,6,0
904657,Sternotrochanter MN,MN,7,0
801915,Sternal posterior rotator MN,MN,5,0
802232,Tr flexor MN,MN,10,0
902962,Fe reductor MN,MN,9,0
801148,Sternotrochanter MN,MN,5,0
800504,Sternotrochanter MN,MN,9,0
802864,Sternotrochanter MN,MN,4,0
803803,Pleural remotor/abductor MN,MN,5,0
804078,MNhl29,MN,12,0
903159,Tr flexor MN,MN,6,0
805313,Pleural remotor/abductor MN,MN,6,0
801090,Sternotrochanter MN,MN,6,0
800230,MNml82,MN,9,0
801362,MNad41,MN,4,0
803086,MNml29,MN,6,0
902719,Pleural remotor/abductor MN,MN,8,0
802806,MNhm03,MN,3,0
905421,Pleural remotor/abductor MN,MN,11,0
806923,Sternal anterior rotator MN,MN,5,0
928579,Ti extensor MN,MN,4,0
802659,MNhm03,MN,5,0
800589,Tr flexor MN,MN,15,0
813696,ADNM2 MN,MN,4,0
905235,Acc. ti flexor MN,MN,4,0
803499,Pleural remotor/abductor MN,MN,9,0
902492,Pleural remotor/abductor MN,MN,6,0
802980,MNad63,MN,4,0
804025,Fe reductor MN,MN,6,0
853504,"MNnm07,MNnm12",MN,5,0
803480,MNml82,MN,9,0
800851,Sternotrochanter MN,MN,7,0
800776,Pleural remotor/abductor MN,MN,4,0
804343,ADNM2 MN,MN,3,0
801267,MNhl02,MN,6,0
800847,hg4 MN,MN,6,0
812872,ltm MN,MN,2,0
801185,tpn MN,MN,3,0
802407,Sternotrochanter MN,MN,6,0
806302,MNad08,MN,1,0
806355,MNad08,MN,1,0
856359,Sternotrochanter MN,MN,5,0
800241,hg1 MN,MN,4,0
801375,Sternotrochanter MN,MN,6,0
924142,Tr flexor MN,MN,9,0
800906,hg4 MN,MN,3,0
800917,hg1 MN,MN,3,0
803765,MNnm09,MN,4,0
803684,MNad36,MN,4,0
808453,Tr extensor MN,MN,3,0
802937,MNad63,MN,4,0
807395,MNml29,MN,5,0
806403,MNnm14,MN,7,0
802295,Ti flexor MN,MN,11,0
800158,Ti extensor MN,MN,7,0
807870,MNad16,MN,1,0
804405,Ti flexor MN,MN,11,0
806489,MNnm14,MN,7,0
800541,Pleural remotor/abductor MN,MN,8,0
808720,MNad16,MN,1,0
905617,MNnm09,MN,4,0
808640,Sternal posterior rotator MN,MN,2,0
802251,MNad34,MN,7,0
802252,MNad34,MN,5,0
927808,Ti flexor MN,MN,11,0
801319,MNnm13,MN,4,0
805410,Sternal posterior rotator MN,MN,3,0
800474,MNhm42,MN,3,0
800290,Pleural remotor/abductor MN,MN,8,0
806124,MNad08,MN,1,0
905792,MNhl01,MN,4,0
910095,Tr flexor MN,MN,8,0
809238,MNad16,MN,1,0
816022,MNhl29,MN,5,0
805477,Tr extensor MN,MN,4,0
824315,Tr flexor MN,MN,5,0
1050669248,Tr flexor MN,MN,5,0
807681,MNad16,MN,1,0
1050011487,"MNnm07,MNnm12",MN,4,0
803070,MNad16,MN,1,0
909078,Tr extensor MN,MN,5,0
903158,Tr flexor MN,MN,6,0
806094,MNad08,MN,1,0
805010,Ti flexor MN,MN,7,0
903153,MNnm13,MN,5,0
817681,Tr flexor MN,MN,8,0
905145,Fe reductor MN,MN,5,0
805568,Acc. ti flexor MN,MN,6,0
807312,MNad56,MN,1,0
802731,MNhl59,MN,13,0
905849,Tergotr. MN,MN,4,0
812953,Ti extensor MN,MN,2,0
807813,MNad45,MN,3,0
902310,Pleural remotor/abductor MN,MN,6,0
807972,ltm2-femur MN,MN,5,0
907848,Acc. ti flexor MN,MN,9,0
804514,Tergotr. MN,MN,5,0
814983,MNml78,MN,2,0
806204,Tergotr. MN,MN,3,0
810720,Acc. tr flexor MN,MN,4,0
903844,MNml80,MN,6,0
807694,MNad16,MN,1,0
809304,MNad45,MN,3,0
905661,Tr extensor MN,MN,4,0
802327,iii3 MN,MN,2,0
804919,Ti flexor MN,MN,8,0
801933,MNhm42,MN,6,0
807160,MNhl01,MN,4,0
810541,Ta levator MN,MN,1,0
814942,Tr extensor MN,MN,5,0
803072,Ti flexor MN,MN,8,0
801021,hg3 MN,MN,2,0
825681,ltm MN,MN,3,0
800762,MNad41,MN,4,0
801173,Tergopleural/Pleural promotor MN,MN,4,0
834952,"MNnm07,MNnm12",MN,3,0
914852,Acc. tr flexor MN,MN,2,0
903508,MNml81,MN,6,0
808888,MNad16,MN,1,0
905559,MNml79,MN,2,0
801693,Fe reductor MN,MN,7,0
805511,MNad33,MN,4,0
807396,MNad56,MN,1,0
807854,Sternal adductor MN,MN,7,0
801637,Acc. ti flexor MN,MN,2,0
803241,MNad16,MN,1,0
906520,MNad40,MN,2,0
909371,Sternal adductor MN,MN,9,0
808011,Sternal posterior rotator MN,MN,4,0
815097,ltm MN,MN,3,0
802500,MNad40,MN,2,0
802923,MNnm03,MN,5,0
802151,MNnm03,MN,4,0
1051054875,Sternal posterior rotator MN,MN,2,0
817210,Ta levator MN,MN,3,0
813629,Acc. ti flexor MN,MN,5,0
821449,ltm2-femur MN,MN,4,0
908673,ltm2-femur MN,MN,3,0
907422,MNml78,MN,2,0
813480,Sternal adductor MN,MN,3,0
818399,Sternal posterior rotator MN,MN,2,0
801824,Tergopleural/Pleural promotor MN,MN,4,0
824104,ltm MN,MN,2,0
801815,tpn MN,MN,2,0
801477,MNml81,MN,5,0
1050335829,Sternal posterior rotator MN,MN,3,0
912694,ltm1-tibia MN,MN,2,0
812531,Acc. ti flexor MN,MN,9,0
811400,MNxm02,MN,4,0
815854,Sternal adductor MN,MN,2,0
815498,ltm2-femur MN,MN,3,0
828978,Sternotrochanter MN,MN,3,0
813755,Tergotr. MN,MN,2,0
801304,MNad42,MN,2,0
805255,MNad32,MN,3,0
817990,MNml78,MN,3,0
905236,MNml80,MN,3,0
818996,Sternal posterior rotator MN,MN,2,0
803147,Ti flexor MN,MN,5,0
808685,Ti flexor MN,MN,7,0
803523,ltm1-tibia MN,MN,1,0
809670,Acc. ti flexor MN,MN,3,0
802781,MNnm08,MN,1,0
811395,MNxm02,MN,2,0
905928,Tr flexor MN,MN,6,0
803891,hg2 MN,MN,2,0
908094,Acc. ti flexor MN,MN,2,0
819674,Acc. ti flexor MN,MN,4,0
800184,MNwm36,MN,4,0
804741,ltm1-tibia MN,MN,1,0
817374,Acc. ti flexor MN,MN,4,0
821494,MNml79,MN,2,0
803558,MNnm10,MN,3,0
904184,Sternal adductor MN,MN,7,0
802072,Tergopleural/Pleural promotor MN,MN,4,0
807165,Ti flexor MN,MN,1,0
840530,Tr extensor MN,MN,2,0
824041,Ti flexor MN,MN,2,0
816222,Ti flexor MN,MN,4,0
810639,Tr flexor MN,MN,1,0
801310,b1 MN,MN,1,0
817595,Fe reductor MN,MN,1,0
812111,Fe reductor MN,MN,1,0
802152,MNnm08,MN,2,0
820896,Ta levator MN,MN,1,0
840981,Tr extensor MN,MN,2,0
804131,hg2 MN,MN,3,0
905586,Acc. tr flexor MN,MN,1,0
820632,MNml80,MN,3,0
1050046221,MNml80,MN,6,0
819203,Tr flexor MN,MN,1,0
802835,iii1 MN,MN,2,0
800743,ps1 MN,MN,2,0
816215,Acc. ti flexor MN,MN,1,0
813566,Fe reductor MN,MN,1,0
803582,MNnm10,MN,4,0
807281,Tergopleural/Pleural promotor MN,MN,2,0
805745,Tergopleural/Pleural promotor MN,MN,2,0
903363,Ti flexor MN,MN,4,0
927828,Acc. tr flexor MN,MN,2,0
806643,MNad05,MN,1,0
805974,MNad05,MN,1,0
803813,MNad36,MN,8,0
806837,MNad47,MN,4,0
1050091581,Acc. ti flexor MN,MN,1,0
800875,MNad33,MN,6,0
801899,MNad42,MN,2,0
816501,MNhl02,MN,3,0
939950,MNhl60,MN,3,0
1050211750,"MNnm07,MNnm12",MN,3,0
812752,MNxm03,MN,1,0
809935,Ti extensor MN,MN,1,0
818295,Ti flexor MN,MN,3,0
809912,Ti flexor MN,MN,1,0
830480,Acc. ti flexor MN,MN,3,0
805881,MNad05,MN,1,0
803451,MNad35,MN,3,0
803310,MNhm43,MN,1,0
895449,MNml78,MN,1,0
800606,MNwm35,MN,3,0
812988,MNxm03,MN,1,0
807640,Tr flexor MN,MN,5,0
905487,ltm MN,MN,3,0
802837,ps2 MN,MN,2,0
1050202461,Acc. ti flexor MN,MN,2,0
810098,Ti flexor MN,MN,2,0
822013,Ti flexor MN,MN,2,0
823405,ltm MN,MN,2,0
1050615112,ltm2-femur MN,MN,2,0
803589,ps2 MN,MN,3,0
809604,Acc. tr flexor MN,MN,1,0
907387,MNml77,MN,5,0
800061,Tergopleural/Pleural promotor MN,MN,2,0
818057,Ti flexor MN,MN,1,0
1050938258,Tr flexor MN,MN,2,0
821154,Acc. tr flexor MN,MN,1,0
806898,Fe reductor MN,MN,4,0
808532,MNad01,MN,1,0
804180,MNad14,MN,1,0
1050493413,Sternal posterior rotator MN,MN,2,0
802552,Tergotr. MN,MN,1,0
924716,Tergotr. MN,MN,2,0
803237,Tergotr. MN,MN,2,0
819384,Ti flexor MN,MN,2,0
1050098047,Tr flexor MN,MN,1,0
818553,ltm1-tibia MN,MN,2,0
852673,ltm2-femur MN,MN,2,0
800899,tp2 MN,MN,1,0
816404,Acc. ti flexor MN,MN,1,0
1050003192,Acc. ti flexor MN,MN,2,0
1050730563,Acc. tr flexor MN,MN,2,0
814163,Fe reductor MN,MN,1,0
805107,MNad10,MN,1,0
1050151215,MNml78,MN,2,0
1050673969,MNml80,MN,2,0
816018,Sternal adductor MN,MN,7,0
810535,Tergopleural/Pleural promotor MN,MN,5,0
823739,Ti flexor MN,MN,2,0
1050303231,Ti flexor MN,MN,4,0
1051670893,Tr flexor MN,MN,1,0
801137,b2 MN,MN,1,0
911453,ltm MN,MN,1,0
1050080384,ltm MN,MN,2,0
910296,Acc. ti flexor MN,MN,2,0
1051356801,Acc. ti flexor MN,MN,2,0
1052521030,Acc. ti flexor MN,MN,3,0
517268,MN2Da,MN,2,0
805326,MNad32,MN,2,0
800358,MNhl64,MN,2,0
801685,Sternotrochanter MN,MN,1,0
801079,Sternotrochanter MN,MN,2,0
934091,Tergopleural/Pleural promotor MN,MN,3,0
1050088257,Ti flexor MN,MN,1,0
813603,ltm MN,MN,2,0
824997,ltm MN,MN,1,0
907443,ltm1-tibia MN,MN,2,0
1050174251,ltm2-femur MN,MN,1,0
801949,tp2 MN,MN,2,0
843389,Acc. ti flexor MN,MN,1,0
1050123559,Acc. ti flexor MN,MN,1,0
1050233038,Acc. ti flexor MN,MN,2,0
1050160514,Acc. ti flexor MN,MN,2,0
835074,Fe reductor MN,MN,1,0
823132,Fe reductor MN,MN,1,0
805598,Fe reductor MN,MN,3,0
822185,MNml77,MN,3,0
822742,MNml80,MN,1,0
827188,Ti flexor MN,MN,1,0
903852,hg3 MN,MN,2,0
914837,ltm1-tibia MN,MN,1,0
826996,ltm2-femur MN,MN,2,0
1059707690,Acc. ti flexor MN,MN,1,0
825485,Acc. ti flexor MN,MN,1,0
909255,Acc. ti flexor MN,MN,2,0
896719,Acc. tr flexor MN,MN,1,0
820350,Fe reductor MN,MN,2,0
804941,Fe reductor MN,MN,1,0
85275,MN3L,MN,1,0
18295,MN4a,MN,1,0
801553,MNad05,MN,1,0
806253,MNad11,MN,1,0
802137,MNad19,MN,1,0
806754,MNad31,MN,1,0
805842,MNad44,MN,1,0
822252,MNhl64,MN,2,0
936696,MNhl65,MN,3,0
803698,Sternotrochanter MN,MN,1,0
1050111955,Ta levator MN,MN,1,0
804465,Tergotr. MN,MN,1,0
1050013311,Ti flexor MN,MN,1,0
822945,Ti flexor MN,MN,1,0
818719,Tr flexor MN,MN,1,0
803215,hDVM MN,MN,1,0
810460,hiii2 MN,MN,1,0
800381,i2 MN,MN,1,0
803100,iii1 MN,MN,2,0
1050091102,ltm MN,MN,2,0
1050203465,ltm MN,MN,1,0
824689,ltm MN,MN,1,0
805309,ltm2-femur MN,MN,3,0
815246,Acc. ti flexor MN,MN,1,0
1050263576,Acc. ti flexor MN,MN,1,0
806599,Acc. ti flexor MN,MN,3,0
815958,Acc. tr flexor MN,MN,1,0
867926,Acc. tr flexor MN,MN,1,0
821375,Acc. tr flexor MN,MN,2,0
811652,Fe reductor MN,MN,1,0
802003,MNad01,MN,1,0
805634,MNad05,MN,1,0
806620,MNad06,MN,1,0
804173,MNad10,MN,1,0
804966,MNad10,MN,1,0
803946,MNad10,MN,1,0
804398,MNad14,MN,1,0
806943,MNad47,MN,1,0
804847,MNhl88,MN,1,0
800190,MNwm35,MN,1,0
817347,Tergotr. MN,MN,1,0
929376,Ti flexor MN,MN,1,0
1050100010,Ti flexor MN,MN,1,0
840740,Ti flexor MN,MN,1,0
801721,Tr flexor MN,MN,1,0
801292,b3 MN,MN,1,0
807784,hi2 MN,MN,1,0
934019,hiii2 MN,MN,1,0
890541,ltm MN,MN,2,0
800928,ps1 MN,MN,1,0
